{
  "model": "HarmenWessels/MiniCPM5-1B-int4-cw-ov",
  "pipeline": "LLMPipeline",
  "timestamp": "2026-06-06T01:26:50",
  "openvino": "2026.3.0-22085-bdf4a17d222",
  "profiles": {
    "autocomplete": {
      "plain": {
        "tps": 68.84544372558594,
        "ttft": 0.028782400131225586,
        "wall": 0.7541114001069218,
        "text": "        if a[i] < b[j] or ( def merge_sorted_ "
      },
      "fim": false
    },
    "assistant-edit": {
      "plain": {
        "tps": 79.05750274658203,
        "ttft": 0.14491390991210937,
        "wall": 6.609473400050774,
        "text": "<think>\nWe are given  \n  #-\n  #-\n  #-\n  #-\n  #-  #-  #-  #-  #-  #-  #-  #-  #-  #-  #-  #-  #-  #-  #-  #-  #-  #-  #-  #-  #-  #-  #-  #-  #-  #-  #-  #-  #-  #-  #-  #-  #-  #-  #-  #-  #-  #-  #-  #-  #-  #-  #-  #-  #-  #-  #-  #-  #-  #-  #-  #-  #-  #-  #-  #-  #-  #-  #-  #-  #-  #-  #-  #-  #-  #-  #-  #-  #-  #-  #-  #-  #-  #-  #-  #-  #-  #-  #- "
      },
      "pl": {
        "tps": 150.14212036132812,
        "ttft": 0.15154489135742188,
        "wall": 3.587766000069678,
        "text": "<think>\nWe are given  \n  #-  #-\n  #-\n  #-\n  #-\n  #-  #-  #-  #-  #-  #-  #-  #-  #-  #-  #-  #-  #-  #-  #-  #-  #-  #-  #-  #-  #-  #-  #-  #-  #-  #-  #-  #-  #-  #-  #-  #-  #-  #-  #-  #-  #-  #-  #-  #-  #-  #-  #-  #-  #-  #-  #-  #-  #-  #-  #-  #-  #-  #-  #-  #-  #-  #-  #-  #-  #-  #-  #-  #-  #-  #-  #-  #-  #-  #-  #-  #-  #-  #-  #-  #-  #-  #- "
      },
      "pl_delta_pct": 89.9
    },
    "assistant-explain": {
      "plain": {
        "tps": 79.23448944091797,
        "ttft": 0.13978608703613282,
        "wall": 3.3588209999725223,
        "text": "<think>\nWe are given  #  #  #  #  #  #  #  #  #  #  #  #  #  #  #  #  #  #  #  #  #  #  #  #  #  #  #  #  #  #  #  #  #  #  #  #  #  #  #  #  #  #  #  #  #  #  #  #  #  #  # "
      },
      "pl": {
        "tps": 190.27394104003906,
        "ttft": 0.11177839660644531,
        "wall": 1.454228499904275,
        "text": "<think>\nWe are given  #  #  #  #  #  #  #  #  #  #  #  #  #  #  #  #  #  #  #  #  #  #  #  #  #  #  #  #  #  #  #  #  #  #  #  #  #  #  #  #  #  #  #  #  #  #  #  #  #  #  #  #  #  #"
      },
      "pl_delta_pct": 140.1
    },
    "architect": {
      "plain": {
        "tps": 77.40618896484375,
        "ttft": 0.11984920501708984,
        "wall": 0.25103020016103983,
        "text": "  #"
      },
      "pl": {
        "tps": 57.42225646972656,
        "ttft": 0.09192520141601562,
        "wall": 0.268813599832356,
        "text": "  #"
      },
      "pl_delta_pct": -25.8
    }
  },
  "probes": {
    "autocomplete": "FAIL",
    "assistant-edit": "FAIL (no code block)",
    "assistant-edit+PL": "FAIL (no code block)"
  }
}